<?xml version="1.0" encoding="UTF-8"?>
<list id="1">
  <org.openmrs.VisitType id="2" uuid="48e3a07d-e6e2-495d-860b-aec1852f60fa">
    <name>Suivi Médical Téléphonique</name>
    <description>Visit for patients being called for follow up on a  treatment</description>
    <creator/>
    <dateCreated id="3">2020-07-29 20:00:17</dateCreated>
    <changedBy/>
    <dateChanged id="4">2020-07-29 20:24:50</dateChanged>
    <retired>false</retired>
    <visitTypeId>12</visitTypeId>
  </org.openmrs.VisitType>
</list>
